{
  "project_info": {
    "project_number": "169796407076",
    "project_id": "comp7506proj",
    "storage_bucket": "comp7506proj.appspot.com"
  },
  "client": [
    {
      "client_info": {
        "mobilesdk_app_id": "1:169796407076:android:3abf4db5d4d7bfee1fedb1",
        "android_client_info": {
          "package_name": "cs.hku.comp7506proj"
        }
      },
      "oauth_client": [
        {
          "client_id": "169796407076-qf1e2ei26ffe6puoqfd5uh7tfjl5p79j.apps.googleusercontent.com",
          "client_type": 3
        }
      ],
      "api_key": [
        {
          "current_key": "AIzaSyDQV8OyWbJEpGFZUANIFtmSJ6Fw7aNUDsw"
        }
      ],
      "services": {
        "appinvite_service": {
          "other_platform_oauth_client": [
            {
              "client_id": "169796407076-qf1e2ei26ffe6puoqfd5uh7tfjl5p79j.apps.googleusercontent.com",
              "client_type": 3
            }
          ]
        }
      }
    }
  ],
  "configuration_version": "1"
}